<core:FragmentDefinition xmlns="sap.m" xmlns:core="sap.ui.core" xmlns:form="sap.ui.layout.form" id="customerRegist"
	controllerName="com.incture.cherrywork.GuestManagmentSystem.controller.admin" xmlns:u="sap.ui.unified">
	<Dialog class="addRestaurant" id="addRestaurant" horizontalScrolling="false" xmlns:f="sap.f" title="Log In" draggable="true" stretch="false"
		showHeader="false">
		<VBox class="LoginBox">
			<HBox class="fragCloseBtn">
				<Button type="Transparent" icon="sap-icon://decline" press="onCloseAddMenuRestaurant"></Button>
			</HBox>
			<Label class="fragHeading" text="Add Menu To Restaurant"></Label>
			<HBox class="fildBox">
				<HBox class="fieldBoxItems">
					<Select id="restaurant" class="LoginInputFiled" items="{RestraurantListModel>/}">
						<core:Item text="{RestraurantListModel>restaurantName}" key="{RestraurantListModel>restaurantId}"/>
					</Select>
				</HBox>
			</HBox>
			<HBox class="fildBox">
				<HBox class="fieldBoxItems">
					<Input class="LoginInputFiled" placeholder="Enter Menu Name" id="Name" maxLength="20"></Input>
				</HBox>
			</HBox>
			<HBox class="fildBox">
				<HBox class="fieldBoxItems">
					<Input class="LoginInputFiled" placeholder="Enter Menu Price" id="price" maxLength="3" type="Number"></Input>
				</HBox>
			</HBox>
			<HBox class="LoginBtnBox">
				<Button text="Add Menu" class="LoginBtn" press="onAddMenuToRestaurantSubmit"></Button>
			</HBox>
		</VBox>
	</Dialog>
</core:FragmentDefinition>