<core:FragmentDefinition xmlns="sap.m" xmlns:core="sap.ui.core" xmlns:form="sap.ui.layout.form" id="customerRegist"
	controllerName="com.incture.cherrywork.GuestManagmentSystem.controller.admin" xmlns:u="sap.ui.unified">
	<Dialog class="addRestaurant" id="addRestaurant" horizontalScrolling="false" xmlns:f="sap.f" title="Log In" draggable="true" stretch="false"
		showHeader="false">
		<VBox class="LoginBox">
			<HBox class="fragCloseBtn">
				<Button type="Transparent" icon="sap-icon://decline" press="onCloseAddRestaurant"></Button>
			</HBox>
			<Label class="fragHeading" text="Add Restaurant"></Label>
			<HBox class="fildBox">
				<HBox class="fieldBoxItems">
					<Input class="LoginInputFiled" placeholder="Enter Restaurant Name" id="name" maxLength="20"></Input>
				</HBox>
			</HBox>
			<HBox class="fildBox">
				<HBox class="fieldBoxItems">
					<u:FileUploader id="fileUploader" name="myFileUpload" uploadUrl="upload/" tooltip="Upload Restaurant Image"
						uploadComplete="handleUploadComplete"/>
				</HBox>
			</HBox>
			<HBox class="fildBox">
				<HBox class="fieldBoxItems">
					<Input class="LoginInputFiled" placeholder="Enter Restaurant Contact No" id="phone" type="Number" maxLength="10"></Input>
				</HBox>
			</HBox>
			<HBox class="fildBox">
				<HBox class="fieldBoxItems">
					<TextArea class="LoginInputFiled" placeholder="Enter Restaurant Address" id="address" maxLength="50"></TextArea>
				</HBox>
			</HBox>
			<HBox class="fildBox">
				<HBox class="fieldBoxItems">
					<Input class="LoginInputFiled" placeholder="Enter Restaurant Rating" id="rating" maxLength="1"></Input>
				</HBox>
			</HBox>
			<HBox class="LoginBtnBox">
				<Button text="Add Restaurant" class="LoginBtn" press="onAddRestaurantSubmit"></Button>
			</HBox>
		</VBox>
	</Dialog>
</core:FragmentDefinition>