<core:FragmentDefinition xmlns="sap.m" xmlns:core="sap.ui.core" xmlns:form="sap.ui.layout.form" id="customerRegist"
	controllerName="com.incture.cherrywork.GuestManagmentSystem.controller.HomePage">
	<Dialog class="MyDialog" id="CustRegistDialog" horizontalScrolling="false" xmlns:f="sap.f" title="Log In" draggable="true" stretch="false"
		showHeader="false">
		<VBox class="LoginBox">
			<HBox class="fragCloseBtn">
				<Button type="Transparent" icon="sap-icon://decline" press="onCloseChangePassword"></Button>
			</HBox>
			<Label class="fragHeading" text="Change Password"></Label>
			<HBox class="fildBox">
				<HBox class="fieldBoxItems">
					<core:Icon src="sap-icon://locked" class="size2" color="white"></core:Icon>
				</HBox>
				<HBox class="fieldBoxItems">
					<Input class="LoginInputFiled" placeholder="Enter Your Old Password" type="Password" id="OldPassword"></Input>
				</HBox>
			</HBox>
			<HBox class="fildBox">
				<HBox class="fieldBoxItems">
					<core:Icon src="sap-icon://locked" class="size2" color="white"></core:Icon>
				</HBox>
				<HBox class="fieldBoxItems">
					<Input class="LoginInputFiled" placeholder="Enter New Password" type="Password" id="NewPassword"></Input>
				</HBox>
			</HBox>
			<HBox class="fildBox">
				<HBox class="fieldBoxItems">
					<core:Icon src="sap-icon://locked" class="size2" color="white"></core:Icon>
				</HBox>
				<HBox class="fieldBoxItems">
					<Input class="LoginInputFiled" placeholder="Confirm Password" type="Password" id="CPassword"></Input>
				</HBox>
			</HBox>
			<HBox class="LoginBtnBox">
				<Button text="Change Password" class="LoginBtn" press="onChangePasswordSubmit"></Button>
			</HBox>
		</VBox>
	</Dialog>
</core:FragmentDefinition>