<core:FragmentDefinition xmlns="sap.m" xmlns:core="sap.ui.core" xmlns:form="sap.ui.layout.form" id="driverRegist"
	controllerName="com.incture.cherrywork.GuestManagmentSystem.controller.HomePage">
	<Dialog class="MyDialog" id="DriverRegistDialog" horizontalScrolling="false" xmlns:f="sap.f" title="Log In" draggable="true" stretch="false"
		showHeader="false">
		<VBox class="LoginBox">
			<HBox class="fragCloseBtn">
				<Button type="Transparent" icon="sap-icon://decline" press="onCloseDriverRegiter"></Button>
			</HBox>
			<Label class="fragHeading" text="Driver Registration Form"></Label>
			<HBox class="fildBox">
				<HBox class="fieldBoxItems">
					<core:Icon src="sap-icon://customer" class="size2" color="white"></core:Icon>
				</HBox>
				<HBox class="fieldBoxItems">
					<Input class="LoginInputFiled" placeholder="Enter Your Name" id="name" maxLength="30"></Input>
				</HBox>
			</HBox>
			<HBox class="fildBox">
				<HBox class="fieldBoxItems">
					<core:Icon src="sap-icon://iphone" class="size2" color="white"></core:Icon>
				</HBox>
				<HBox class="fieldBoxItems">
					<Input class="LoginInputFiled" placeholder="Enter Your Phone Number" id="phone" type="Number" maxLength="10"></Input>
				</HBox>
			</HBox>
			<HBox class="fildBox">
				<HBox class="fieldBoxItems">
					<core:Icon src="sap-icon://business-card" class="size2" color="white"></core:Icon>
				</HBox>
				<HBox class="fieldBoxItems">
					<Input class="LoginInputFiled" placeholder="Enter Your Driving Licence Number" id="licenceNo" maxLength="15"></Input>
				</HBox>
			</HBox>
			<HBox class="fildBox">
				<HBox class="fieldBoxItems">
					<core:Icon src="sap-icon://arobase" class="size2" color="white"></core:Icon>
				</HBox>
				<HBox class="fieldBoxItems">
					<Input class="LoginInputFiled" placeholder="Enter Your Email Id" id="email" maxLength="25"></Input>
				</HBox>
			</HBox>
			<HBox class="fildBox">
				<HBox class="fieldBoxItems">
					<core:Icon src="sap-icon://locked" class="size2" color="white"></core:Icon>
				</HBox>
				<HBox class="fieldBoxItems">
					<Input class="LoginInputFiled" placeholder="Enter Password" type="Password" id="Password" maxLength="20"></Input>
				</HBox>
			</HBox>
			<HBox class="fildBox">
				<HBox class="fieldBoxItems">
					<core:Icon src="sap-icon://locked" class="size2" color="white"></core:Icon>
				</HBox>
				<HBox class="fieldBoxItems">
					<Input class="LoginInputFiled" placeholder="Confirm Password" type="Password" id="CPassword" maxLength="20"></Input>
				</HBox>
			</HBox>
			<HBox class="LoginBtnBox">
				<Button text="Submit" class="LoginBtn" press="onDriverRegisterSubmit"></Button>
			</HBox>
		</VBox>
	</Dialog>
</core:FragmentDefinition>