<core:FragmentDefinition xmlns="sap.m" xmlns:core="sap.ui.core" xmlns:form="sap.ui.layout.form" id="customerRegist"
	controllerName="com.incture.cherrywork.GuestManagmentSystem.controller.Restraurant" xmlns:u="sap.ui.unified">
	<Dialog class="addRestaurant" id="addRestaurant" horizontalScrolling="false" xmlns:f="sap.f" title="Log In" draggable="true" stretch="false"
		showHeader="false">
		<VBox class="LoginBox">
			<HBox class="fragCloseBtn">
				<Button type="Transparent" icon="sap-icon://decline" press="onCloseFoodList"></Button>
			</HBox>
			<Label class="fragHeading" text="Food List"></Label>
			<Table id="restaurantTbl" inset="false" items="{oFoodListDataModel>/foodItems}">
				<headerToolbar>
					<Toolbar>
						<content>
							<ToolbarSpacer/>
						</content>
					</Toolbar>
				</headerToolbar>
				<columns>
					<Column>
						<Text text="Food Name"/>
					</Column>
					<Column >
						<Text text="Food Price (INR)"/>
					</Column>
					<Column >
						<Text text="Add To Cart"/>
					</Column>
				</columns>
				<items>
					<ColumnListItem class="fragItems">
						<cells>
							<Text text="{oFoodListDataModel>foodName}"></Text>
							<Text text="{oFoodListDataModel>foodPrize}"></Text>
							<Button text="Add To Cart" class="fragItemBtn" press="addToCart"></Button>
						</cells>
					</ColumnListItem>
				</items>
			</Table>
			<HBox class="LoginBtnBox">
				<Button text="Go To Cart" class="LoginBtn" press="onOrder"></Button>
			</HBox>
		</VBox>
	</Dialog>
</core:FragmentDefinition>