<core:FragmentDefinition xmlns="sap.m" xmlns:core="sap.ui.core" xmlns:form="sap.ui.layout.form" id="customerRegist"
	controllerName="com.incture.cherrywork.GuestManagmentSystem.controller.Restraurant" xmlns:u="sap.ui.unified">
	<Dialog class="orderFragment"  id="addRestaurant" horizontalScrolling="false" xmlns:f="sap.f" title="Log In" draggable="true" stretch="false"
		showHeader="false">
		<VBox class="LoginBox" >
			<HBox class="fragCloseBtn">
				<Button type="Transparent" icon="sap-icon://decline" press="onCloseOrder"></Button>
			</HBox>
			<Label class="fragHeading" text="Place Order"></Label>
			<HBox class="fildBox">
				<HBox class="fieldBoxItems">
					<TextArea class="LoginInputFiled" placeholder="Enter Your Address" id="address" maxLength="50"></TextArea>
				</HBox>
			</HBox>
			<Label class="fragHeading" text="Bill"></Label>
			<Table id="restaurantTbl" inset="false" items="{oOrderDetailsDataModel>/orderList}" >
				<headerToolbar>
					<Toolbar>
						<content>
							<ToolbarSpacer/>
						</content>
					</Toolbar>
				</headerToolbar>
				<columns>
					<Column>
						<Text text="Food Name"/>
					</Column>
					<Column >
						<Text text="Food Price (INR)"/>
					</Column>
					<Column >
						<Text text="Add To Cart"/>
					</Column>
				</columns>
				<items>
					<ColumnListItem class="fragItems" >
						<cells>
							<Text text="{oOrderDetailsDataModel>foodName}"></Text>
							<Text text="Rs. {oOrderDetailsDataModel>foodPrize}"></Text>
							<Button text="Remove Item" class="fragItemBtn" press="removeItem"></Button>
						</cells>
					</ColumnListItem>
				</items>
			</Table>
			<Label class="fragHeading" text="Total Rs. {oTotalDataModel>/total} "></Label>
			<HBox class="LoginBtnBox">
				<Button text="Place Order" class="LoginBtn" press="onPlaceOrder"></Button>
			</HBox>
			<Input visible="false" id="restId"></Input>
		</VBox>
	</Dialog>
</core:FragmentDefinition>