<core:FragmentDefinition xmlns="sap.m" xmlns:core="sap.ui.core" xmlns:form="sap.ui.layout.form" id="customerRegist"
	controllerName="com.incture.cherrywork.GuestManagmentSystem.controller.Restraurant">
	<Dialog class="welComeDialog" id="CustRegistDialog" horizontalScrolling="false" xmlns:f="sap.f" draggable="true" stretch="false"
		showHeader="false">
		<VBox class="welcomeUser">
			<core:Icon src="sap-icon://meal" size="50px" class="welcomeMsg" color="#031E48">
				<core:layoutData>
					<FlexItemData growFactor="1"/>
				</core:layoutData>
			</core:Icon>
			<Text class="welcomeMsg" text="Welcome {oLoginUserDetailsDataModel>/userName}!"></Text>
		</VBox>
	</Dialog>
</core:FragmentDefinition>