{
  "welcomeFile": "/webapp/index.html",
  "routes": [
    {
      "path": "/resources",
      "target": {
        "type": "service",
        "name": "sapui5",
        "entryPath": "/resources"
      },
      "description": "SAPUI5 Resources"
    },
    {
      "path": "/test-resources",
      "target": {
        "type": "service",
        "name": "sapui5",
        "entryPath": "/test-resources"
      },
      "description": "SAPUI5 Test Resources"
    },
    {
		"path": "/postService",
		"target": {
			"type": "destination",
			"name": "FoodBrowserPostDataDestination"
		},
		"description": "SAPUI5 Test Resources"
	},
	{
		"path": "/postSecondService",
		"target": {
			"type": "destination",
			"name": "FoodBrowseSecondService"
		},
		"description": "SAPUI5 Test Resources"
	}
  ],
  "sendWelcomeFileRedirect": true
}